City_ID,City,Lat,Lng,Max Temp,Humidity,Cloudiness,Wind Speed,Country,Date
0,west island,-12.1568,96.8225,27.99,78,75,7.72,CC,1699180228
1,petropavlovsk-kamchatsky,53.0452,158.6483,0.81,79,75,5.36,RU,1699180369
2,adamstown,-25.066,-130.1015,22.27,76,96,6.69,PN,1699180370
3,puerto ayora,-0.7393,-90.3518,24.75,90,78,3.13,EC,1699180372
4,ceelbuur,4.685,46.6176,31.03,54,99,1.91,SO,1699180373
5,pacific grove,36.6177,-121.9166,14.12,92,100,2.06,US,1699180374
6,san patricio,28.017,-97.5169,19.91,89,100,2.15,US,1699180376
7,portland,45.5234,-122.6762,12.48,95,20,3.6,US,1699180181
8,olonkinbyen,70.9221,-8.7187,-0.55,81,100,12.57,SJ,1699180380
9,ceyranbatan,40.5408,49.6597,20.84,61,0,9.01,AZ,1699180382
10,alo,7.4178,6.7371,31.86,61,99,0.81,NG,1699180383
11,alvaraes,-3.2208,-64.8042,24.3,95,54,0.34,BR,1699180384
12,ushuaia,-54.8,-68.3,7.81,93,20,5.14,AR,1699180334
13,tugulym,57.0591,64.6425,0.04,85,25,1.21,RU,1699180387
14,georgetown,5.4112,100.3354,29.99,79,20,3.13,MY,1699180233
15,margaret river,-33.95,115.0667,17.54,86,3,6.59,AU,1699180389
16,waitangi,-43.9535,-176.5597,12.12,92,100,1.34,NZ,1699180268
17,yellowknife,62.456,-114.3525,-6.44,96,100,6.17,CA,1699180391
18,luza,60.6308,47.2512,4.61,75,100,5.71,RU,1699180393
19,jilma,35.2731,9.4239,27.99,19,0,2.83,TN,1699180394
20,papatowai,-46.5619,169.4708,5.68,80,38,1.36,NZ,1699180398
21,port-aux-francais,-49.35,70.2167,3.86,77,70,10.13,TF,1699180399
22,jamestown,42.097,-79.2353,8.77,88,100,2.57,US,1699180401
23,dunedin,-45.8742,170.5036,7.67,76,48,1.42,NZ,1699180403
24,blackmans bay,-43.0167,147.3167,11.07,74,69,1.25,AU,1699180404
25,namibe,-15.1961,12.1522,25.58,67,94,4.8,AO,1699180406
26,punta arenas,-53.15,-70.9167,5.62,67,100,10.88,CL,1699180408
27,itoman,26.1247,127.6694,26.21,88,75,4.12,JP,1699180411
28,edinburgh of the seven seas,-37.0676,-12.3116,12.03,68,94,3.76,SH,1699180413
29,touros,-5.1989,-35.4608,28.43,63,18,5.84,BR,1699180414
30,okha,53.5739,142.9478,-8.13,66,83,8.93,RU,1699180219
31,beloyarskiy,63.7119,66.6722,-5.56,92,7,5.81,RU,1699180418
32,jorpeland,59.0225,6.0408,10.08,49,100,3.22,NO,1699180419
33,dullewala,31.8359,71.4362,30.73,19,7,1.96,PK,1699180420
34,grytviken,-54.2811,-36.5092,-1.25,87,97,1.34,GS,1699180422
35,effium,6.6292,8.0593,29.88,68,100,0.98,NG,1699180423
36,tazacorte,28.629,-17.9293,24.54,82,20,2.57,ES,1699180131
37,xique xique,-10.8217,-42.7311,28.5,65,29,1.06,BR,1699180426
38,iqaluit,63.7506,-68.5145,-2.15,68,75,11.83,CA,1699180427
39,kaa-khem,51.6833,94.7333,-5.89,86,100,1.56,RU,1699180428
40,hillsboro,45.5229,-122.9898,12.04,91,100,0.45,US,1699180215
41,college,64.8569,-147.8028,-5.82,65,100,6.17,US,1699180435
42,kodiak,57.79,-152.4072,-0.27,64,75,2.57,US,1699180436
43,ust-nera,64.5667,143.2,-16.48,99,100,2.0,RU,1699180437
44,tazovsky,67.4667,78.7,-7.66,95,98,5.43,RU,1699180147
45,puerto natales,-51.7236,-72.4875,8.25,49,40,7.2,CL,1699180440
46,tezu,27.9167,96.1667,21.21,73,0,1.43,IN,1699180441
47,thompson,55.7435,-97.8558,-8.91,79,100,1.03,CA,1699180442
48,afaahiti,-17.75,-149.2833,21.93,90,93,5.02,PF,1699180445
49,pointe-noire,-4.7761,11.8635,25.34,86,100,2.59,CG,1699180447
50,longyearbyen,78.2186,15.6401,-10.09,85,75,2.57,SJ,1699180448
51,caleta de carquin,-11.0925,-77.6267,17.96,88,100,4.45,PE,1699180449
52,sidney,-33.8679,151.2073,16.61,82,75,2.57,AU,1699180446
53,utrik,11.2278,169.8474,28.02,74,55,8.88,MH,1699180452
54,bilibino,68.0546,166.4372,-15.86,94,100,1.73,RU,1699180455
55,tralee,52.2704,-9.7026,10.14,87,75,4.12,IE,1699180456
56,egilsstadir,65.2653,-14.3948,1.95,93,100,11.83,IS,1699180459
57,mora,11.0461,14.1401,34.78,29,5,3.91,CM,1699180460
58,nova sintra,14.8667,-24.7167,23.64,72,6,5.68,CV,1699180461
59,bredasdorp,-34.5322,20.0403,23.77,45,18,5.41,ZA,1699180462
60,kingston,17.997,-76.7936,27.53,83,20,3.6,JM,1699180404
61,tsiombe,-25.3,45.4833,27.96,52,54,8.13,MG,1699180465
62,al bayda',32.7627,21.7551,24.03,39,5,5.17,LY,1699180466
63,puerto san jose,13.9256,-90.8244,25.3,76,100,2.11,GT,1699180468
64,stanley,54.868,-1.6985,8.01,91,20,4.12,GB,1699180470
65,mariehamn,60.0973,19.9348,8.92,87,75,3.6,AX,1699180471
66,cumming,34.2073,-84.1402,11.48,72,26,2.18,US,1699180472
67,nuuk,64.1835,-51.7216,-0.66,34,75,10.8,GL,1699180474
68,dumas,35.8656,-101.9732,5.08,93,0,3.09,US,1699180475
69,cooper's town,26.8667,-77.5167,24.54,81,73,4.4,BS,1699180478
70,pyay,18.8167,95.2167,27.2,83,22,2.26,MM,1699180479
71,tiksi,71.6872,128.8694,-25.08,100,76,1.99,RU,1699180481
72,papao,-17.75,-149.55,22.82,88,74,4.86,PF,1699180486
73,hamilton,39.1834,-84.5333,8.85,83,0,2.68,US,1699180317
74,lowestoft,52.4752,1.7516,10.69,88,78,11.76,GB,1699180489
75,quesnel,52.9999,-122.5029,7.28,76,0,2.06,CA,1699180490
76,bijie,27.3125,105.2942,12.59,81,17,3.02,CN,1699180491
77,wailua homesteads,22.0669,-159.378,24.44,82,20,7.2,US,1699180494
78,piti village,13.4626,144.6933,27.61,89,0,4.63,GU,1699180495
79,iquique,-20.2208,-70.1431,17.02,68,37,1.99,CL,1699180496
80,port isabel,26.0734,-97.2086,17.02,100,0,2.06,US,1699180497
81,lascano,-33.6667,-54.2,12.02,69,0,0.49,UY,1699180498
82,whitehorse,60.7161,-135.0538,-0.57,93,100,2.06,CA,1699180500
83,bethel,41.3712,-73.414,9.2,84,100,0.0,US,1699180501
84,cabo san lucas,22.8909,-109.9124,26.4,77,100,5.82,MX,1699180504
85,kailua-kona,19.6406,-155.9956,25.98,76,100,3.6,US,1699180499
86,hirara,24.8,125.2833,24.15,83,20,2.06,JP,1699180507
87,ribeira grande,38.5167,-28.7,16.54,63,40,2.24,PT,1699180508
88,kimbe,-5.5502,150.1429,25.32,93,100,1.36,PG,1699180510
89,anadyr,64.75,177.4833,-4.72,74,100,5.0,RU,1699180511
90,carnarvon,-24.8667,113.6333,22.02,81,45,6.91,AU,1699180513
91,awjilah,29.1081,21.2869,32.03,16,2,4.19,LY,1699180515
92,atafu village,-8.5421,-172.5159,28.71,76,22,3.82,TK,1699180517
93,port elizabeth,-33.918,25.5701,23.94,68,0,6.17,ZA,1699179887
94,ballina,-28.8667,153.5667,17.1,81,100,5.23,AU,1699180520
95,uturoa,-16.7333,-151.4333,25.33,84,87,7.57,PF,1699180521
96,qoryooley,1.7878,44.53,31.13,55,100,4.56,SO,1699180522
97,la gomera,14.0833,-91.05,24.31,79,100,1.85,GT,1699180523
98,basco,20.4487,121.9702,27.78,74,79,7.24,PH,1699180524
99,manadhoo,5.7667,73.3833,27.24,81,99,2.78,MV,1699180526
100,khandyga,62.6667,135.6,-20.56,99,100,0.49,RU,1699180527
101,nagqu,31.5,92.0,-6.34,67,100,2.03,CN,1699180528
102,ghanzi,-21.5667,21.7833,32.63,30,9,6.31,BW,1699180530
103,keminmaa,65.8596,24.8228,2.87,100,100,4.63,FI,1699180534
104,detroit lakes,46.8172,-95.8453,0.03,88,20,4.12,US,1699180535
105,letterkenny,54.95,-7.7333,9.94,85,88,2.42,IE,1699180537
106,saipan,15.1355,145.701,28.39,78,20,6.17,MP,1699180539
107,badger,64.8,-147.5333,-5.86,66,100,6.17,US,1699180545
108,faya-largeau,17.9257,19.1043,34.94,11,0,4.12,TD,1699180547
109,ancud,-41.8697,-73.8203,8.1,93,100,2.0,CL,1699180549
110,nouadhibou,20.931,-17.0347,21.99,68,5,9.26,MR,1699180550
111,amga,60.8953,131.9608,-17.27,96,100,2.52,RU,1699180552
112,hithadhoo,-0.6,73.0833,27.44,81,97,6.9,MV,1699180553
113,udachny,66.4167,112.4,-12.12,94,100,6.2,RU,1699180409
114,port blair,11.6667,92.75,30.02,79,40,3.09,IN,1699180555
115,kourou,5.1552,-52.6478,26.03,83,24,2.82,GF,1699180556
116,rehoboth,-23.3167,17.0833,32.01,9,0,9.3,NA,1699180558
117,port lincoln,-34.7333,135.8667,13.99,83,97,3.53,AU,1699180559
118,geraldton,-28.7667,114.6,21.23,73,100,4.63,AU,1699180560
119,kone,-21.0595,164.8658,21.77,75,82,2.28,NC,1699180561
120,weno,7.4515,151.8468,28.89,78,96,5.23,FM,1699180563
121,remire-montjoly,4.9167,-52.2667,26.02,94,100,0.51,GF,1699180565
122,general levalle,-34.0147,-63.9241,14.79,58,65,7.08,AR,1699180566
123,bukama,-9.2,25.85,30.51,54,85,2.33,CD,1699180567
124,hasaki,35.7333,140.8333,21.27,75,29,1.49,JP,1699180568
125,soe,-9.8607,124.284,21.16,61,5,2.17,ID,1699180570
126,blonie,52.1985,20.6171,10.06,87,100,4.16,PL,1699180572
127,peace river,56.2501,-117.286,0.36,100,100,4.12,CA,1699180573
128,prince rupert,54.3161,-130.3201,11.05,83,100,17.49,CA,1699180576
129,mandalgovi,45.7625,106.2708,-11.28,58,20,2.46,MN,1699180578
130,isafjordur,66.0755,-23.124,-0.98,93,100,10.29,IS,1699180579
131,carbonear,47.7332,-53.2148,8.57,96,99,1.52,CA,1699180580
132,kazan,55.7887,49.1221,4.3,57,11,5.07,RU,1699179962
133,severo-yeniseyskiy,60.3725,93.0408,-8.01,92,100,4.92,RU,1699180582
134,igarka,67.4667,86.5833,-11.63,94,99,5.41,RU,1699180583
135,enewetak,11.3474,162.3373,28.64,72,70,9.14,MH,1699180584
136,mount gambier,-37.8333,140.7667,13.09,81,27,4.11,AU,1699180588
137,imbituba,-28.24,-48.6703,18.83,68,0,4.87,BR,1699180589
138,enguera,38.9797,-0.6868,17.45,43,1,10.75,ES,1699180590
139,nova vicosa,-17.8919,-39.3719,26.3,80,93,1.29,BR,1699180592
140,talnakh,69.4865,88.3972,-11.67,95,99,2.28,RU,1699180594
141,zhangjiajie,29.1294,110.4783,17.11,95,100,1.48,CN,1699180595
142,aykhal,66.0,111.5,-13.13,95,100,4.35,RU,1699180597
143,haiku-pauwela,20.9219,-156.3051,25.02,68,20,9.26,US,1699180598
144,albany,42.6001,-73.9662,7.93,82,99,0.65,US,1699180599
145,reggane,26.7158,0.1714,34.62,8,0,3.4,DZ,1699180600
146,port saint john's,-31.6229,29.5448,21.29,79,73,3.06,ZA,1699180601
147,port mathurin,-19.6833,63.4167,25.17,79,100,4.96,MU,1699180602
148,renfrew,55.872,-4.3925,9.64,91,98,1.03,GB,1699180604
149,hawaiian paradise park,19.5933,-154.9731,23.73,83,100,2.06,US,1699180606
150,arhribs,36.7936,4.3116,21.04,58,59,7.64,DZ,1699180607
151,gladstone,-23.85,151.25,23.96,73,75,6.17,AU,1699180609
152,kasongo-lunda,-6.4667,16.8167,21.87,98,100,1.25,CD,1699180610
153,meadow lake,34.8014,-106.5436,12.7,37,0,0.96,US,1699180611
154,penn yan,42.6609,-77.0539,9.01,84,100,1.54,US,1699180612
155,rivera,-30.9053,-55.5508,13.4,77,8,3.25,UY,1699180615
156,binuangan,8.9153,124.7883,28.25,78,35,3.03,PH,1699180616
157,muynoq,43.7683,59.0214,14.88,43,32,5.58,UZ,1699180618
158,xiaoweizhai,26.1903,107.5125,18.61,84,28,1.91,CN,1699180619
159,zhanaozen,43.3,52.8,20.92,33,90,5.38,KZ,1699180621
160,naze,28.3667,129.4833,23.51,73,18,5.11,JP,1699180624
161,sarmiento,-45.5882,-69.07,9.35,47,6,8.4,AR,1699180625
162,daru,-9.0763,143.2092,25.44,86,100,6.74,PG,1699180627
163,tulcingo de valle,18.05,-98.4333,16.41,75,49,1.29,MX,1699180628
164,khirkiyan,22.1667,76.85,30.12,30,26,3.48,IN,1699180629
165,tamanrasset,22.785,5.5228,26.95,11,0,5.14,DZ,1699180631
166,constantia,44.1833,28.65,19.38,59,8,7.5,RO,1699180632
167,robertsport,6.7533,-11.3686,28.54,70,24,1.8,LR,1699180633
168,lebu,-37.6167,-73.65,11.74,89,100,5.19,CL,1699180634
169,knyaze-volkonskoye,48.4642,135.4567,-5.0,55,100,3.58,RU,1699180636
170,timbuktu,16.7735,-3.0074,35.33,8,7,1.82,ML,1699180638
171,enshi,30.3,109.4833,15.9,94,87,1.46,CN,1699180640
172,ilulissat,69.2167,-51.1,-5.99,53,40,1.03,GL,1699180642
173,nemuro,43.3236,145.575,9.38,77,65,4.26,JP,1699180645
174,pasuquin,18.3328,120.6177,29.97,79,40,1.03,PH,1699180646
175,srikakulam,18.3,83.9,27.89,73,17,4.54,IN,1699180647
176,alva,56.1528,-3.8051,8.91,95,99,0.89,GB,1699180648
177,tartu,58.3806,26.7251,7.4,79,75,1.03,EE,1699180649
178,port douglas,-16.4833,145.4667,24.13,78,95,3.98,AU,1699180651
179,ribeira brava,32.65,-17.0667,21.67,76,91,3.61,PT,1699180652
180,lihue,21.9789,-159.3672,24.77,81,20,7.2,US,1699180485
181,kununurra,-15.7667,128.7333,32.99,46,100,2.57,AU,1699180655
182,sao joao da barra,-21.6403,-41.0511,24.05,76,97,6.62,BR,1699180656
183,lichinga,-13.3128,35.2406,26.05,47,40,3.09,MZ,1699180592
184,annau,37.8876,58.516,22.72,27,20,3.09,TM,1699180658
185,tura,25.5198,90.2201,21.53,80,0,1.51,IN,1699180661
186,quellon,-43.1167,-73.6167,8.41,91,100,4.28,CL,1699180662
187,aripuana,-9.1667,-60.6333,25.66,71,85,0.81,BR,1699180664
188,betioky,-23.7167,44.3833,35.24,24,96,3.94,MG,1699180665
189,mar del plata,-38.0023,-57.5575,14.49,92,75,5.36,AR,1699180666
190,dwarka,22.2394,68.9678,31.35,39,3,5.65,IN,1699180668
191,kavaratti,10.5669,72.642,27.03,78,100,4.53,IN,1699180669
192,nikolayevsk-on-amure,53.1406,140.73,-10.12,63,51,6.07,RU,1699180671
193,berdigestyakh,62.0989,126.6992,-22.65,100,100,1.56,RU,1699180672
194,keflavik,64.0049,-22.5624,3.95,75,0,13.38,IS,1699180673
195,cockburn town,21.4612,-71.1419,27.93,73,37,7.45,TC,1699180675
196,alupka,44.4167,34.05,19.14,74,43,5.01,UA,1699180678
197,plymouth,41.8334,-70.8328,9.48,92,100,0.0,US,1699180381
198,imzouren,35.1463,-3.8497,19.6,60,75,2.57,MA,1699180681
199,minas de marcona,-15.2119,-75.1103,13.25,86,100,4.85,PE,1699180682
200,nizhneudinsk,54.9076,99.0276,-4.41,93,100,0.99,RU,1699180427
201,vernon,50.2581,-119.2691,8.12,93,100,2.57,CA,1699180685
202,altagracia de orituco,9.8601,-66.3814,22.23,96,92,0.82,VE,1699180687
203,el calafate,-50.3408,-72.2768,5.24,62,3,3.01,AR,1699180688
204,alghero,40.5589,8.3181,22.05,49,20,8.23,IT,1699180689
205,champerico,14.3,-91.9167,25.63,76,100,3.05,GT,1699180690
206,al bawiti,28.3492,28.8659,31.84,15,4,4.54,EG,1699180691
207,arraial do cabo,-22.9661,-42.0278,22.98,73,40,7.2,BR,1699180693
208,eyl,7.9803,49.8164,29.34,68,64,7.42,SO,1699180694
209,castillos,-34.1667,-53.8333,12.93,70,0,1.03,UY,1699180695
210,cova figueira,14.8905,-24.2934,24.1,74,0,6.62,CV,1699180697
211,raisinghnagar,29.5358,73.4492,31.81,14,0,0.22,IN,1699180699
212,qaqortoq,60.7167,-46.0333,-0.27,44,100,9.88,GL,1699180700
213,hammerfest,70.6634,23.6821,-1.75,74,75,2.06,NO,1699180701
214,avarua,-21.2078,-159.775,22.03,64,20,6.17,CK,1699180702
215,oamaru,-45.0784,170.9801,6.88,86,91,1.97,NZ,1699180704
216,grand-bourg,15.8835,-61.3148,23.97,78,21,7.43,GP,1699180705
217,mana,5.6592,-53.7767,27.1,89,36,3.52,GF,1699180706
218,kaspiysk,42.8816,47.6392,17.1,77,20,5.0,RU,1699180457
219,sargatskoye,55.6101,73.4972,-2.25,86,44,3.29,RU,1699180710
220,russellville,35.2784,-93.1338,10.55,91,0,0.0,US,1699180715
221,boa vista,2.8197,-60.6733,26.99,74,0,2.57,BR,1699180716
222,alice springs,-23.7,133.8833,29.75,10,0,4.12,AU,1699180718
223,souillac,-20.5167,57.5167,27.21,69,40,4.12,MU,1699180719
224,colares,38.7992,-9.4469,18.2,69,20,6.26,PT,1699180721
225,tiznit,29.5833,-9.5,21.14,55,2,2.27,MA,1699180722
226,yavas,54.4159,42.8491,8.74,63,99,6.03,RU,1699180724
227,iskateley,67.6803,53.1512,-7.77,87,82,5.36,RU,1699180725
228,bargaal,11.2864,51.0773,29.48,66,14,5.85,SO,1699180727
229,ta`u,-14.2336,-169.5144,26.67,82,51,11.04,AS,1699180730
230,susuman,62.7833,148.1667,-24.88,100,59,1.63,RU,1699180732
231,yelizovo,53.1873,158.3805,1.56,69,75,2.0,RU,1699180437
232,yuzhno-kurilsk,44.0306,145.8556,8.54,81,77,3.18,RU,1699180735
233,southport,53.6478,-3.0065,11.0,76,40,5.66,GB,1699180736
234,mokhsogollokh,61.4681,128.9203,-17.1,86,100,3.22,RU,1699180739
235,miquelon,47.0975,-56.3814,8.0,84,97,4.2,PM,1699180740
236,hermanus,-34.4187,19.2345,20.63,63,17,5.83,ZA,1699180505
237,kurnool,15.8309,78.0425,29.73,57,94,4.51,IN,1699180743
238,wynyard,-41.0,145.7167,10.07,86,17,1.69,AU,1699180744
239,kratie,12.4881,106.0188,27.46,83,66,1.03,KH,1699180746
240,shingu,33.7333,135.9833,19.68,90,47,2.66,JP,1699180747
241,chibougamau,49.9168,-74.3659,-9.21,86,40,2.06,CA,1699180749
242,invercargill,-46.4,168.35,7.79,84,10,1.1,NZ,1699180750
243,naugachhia,25.4,87.1,27.95,43,0,1.42,IN,1699180751
244,el abiodh sidi cheikh,32.893,0.5484,24.02,22,0,1.08,DZ,1699180752
245,kapuskasing,49.4169,-82.4331,-7.0,79,100,4.63,CA,1699180754
246,san antonio de pale,-1.4014,5.6325,26.07,82,80,3.34,GQ,1699180755
247,novyy urengoy,66.0833,76.6333,-6.9,91,100,7.58,RU,1699180756
248,i-n-salah,27.1935,2.4607,33.91,8,0,2.29,DZ,1699180758
249,gobabis,-22.45,18.9667,32.44,10,1,4.68,NA,1699180760
250,mangai,-4.05,19.5333,24.5,85,100,1.56,CD,1699180761
251,lompoc,34.6391,-120.4579,13.4,98,100,2.06,US,1699180763
252,kodinsk,58.6881,99.1844,-3.09,81,100,5.79,RU,1699180764
253,colonia,50.9333,6.95,12.55,88,100,3.6,DE,1699180519
254,greymouth,-42.4667,171.2,8.29,91,69,2.86,NZ,1699180766
255,kotido,2.9806,34.1331,25.03,59,67,1.02,UG,1699180767
256,lincoln,40.8,-96.667,7.23,85,0,2.06,US,1699180476
257,pitimbu,-7.4706,-34.8086,28.33,71,100,4.32,BR,1699180770
258,totskoye,52.5248,52.7623,6.61,67,1,5.36,RU,1699180564
259,bardai,11.65,7.2333,32.95,29,13,5.23,NG,1699180772
260,fale old settlement,-9.3852,-171.2468,28.22,80,76,6.85,TK,1699180774
261,launceston,-41.45,147.1667,13.8,62,100,4.63,AU,1699180776
262,sinop,41.7711,34.8709,20.49,50,65,0.96,TR,1699180580
263,brookings,44.3114,-96.7984,4.51,88,0,4.12,US,1699180779
264,le trait,49.4689,0.8163,12.9,77,84,9.45,FR,1699180780
265,la asuncion,11.0333,-63.8628,27.24,83,100,5.08,VE,1699180783
266,trondheim,63.4305,10.3951,5.05,92,92,2.89,NO,1699180263
267,mbaiki,3.8678,17.9892,31.66,46,44,1.58,CF,1699180789
268,cambria,35.5641,-121.0808,18.88,77,84,1.92,US,1699180791
269,ivins,37.1686,-113.6794,16.14,20,87,1.07,US,1699180793
270,cobram,-35.9167,145.65,22.32,37,70,7.15,AU,1699180794
271,torit,4.4133,32.5678,21.92,93,100,1.59,SS,1699180795
272,johnstown,40.3267,-78.922,12.19,71,100,2.57,US,1699180796
273,bontang,0.1333,117.5,28.42,78,10,3.8,ID,1699180801
274,prince george,53.9166,-122.753,7.69,85,0,8.23,CA,1699180803
275,harran,36.86,39.0314,25.51,40,0,1.27,TR,1699180804
276,hechuan,29.9947,106.2572,21.27,66,46,0.97,CN,1699180602
277,santa rosalia,27.3167,-112.2833,21.39,41,0,1.15,MX,1699180813
278,ghat,24.9647,10.1728,31.08,10,0,1.11,LY,1699180816
279,banepa,27.6298,85.5214,20.18,56,20,3.6,NP,1699180817
280,klyuchi,52.2667,79.1667,-2.45,81,76,2.8,RU,1699180820
281,kirakira,-10.4544,161.9205,25.68,89,100,4.52,SB,1699180821
282,paraiso,9.8383,-83.8656,18.56,95,100,0.71,CR,1699180822
283,newnham,-41.3833,147.1333,13.53,62,100,4.63,AU,1699180824
284,arteche,12.2645,125.4048,27.04,85,31,2.4,PH,1699180827
285,fort st. john,56.2499,-120.8529,-1.06,93,100,0.0,CA,1699180828
286,sitka,57.0531,-135.33,7.94,93,100,0.0,US,1699180829
287,cuite,-6.4836,-36.1536,25.36,57,64,5.25,BR,1699180830
288,shakhun'ya,57.6758,46.6114,4.86,66,84,6.03,RU,1699180832
289,mpwapwa,-6.35,36.4833,28.52,47,93,3.92,TZ,1699180833
290,tobelo,1.7284,128.0095,27.71,78,73,1.08,ID,1699180834
291,baardheere,2.3446,42.2764,30.98,59,94,3.14,SO,1699180838
292,san fernando de apure,7.8878,-67.4724,24.15,94,47,1.2,VE,1699180839
293,abepura,-2.6333,140.5833,27.45,74,20,2.57,ID,1699180840
294,"laikit, laikit ii (dimembe)",1.4792,124.9735,23.47,100,20,1.03,ID,1699180841
295,choibalsan,48.0667,114.5,-13.76,90,94,3.22,MN,1699180843
296,vorgashor,67.5833,63.95,-4.75,94,100,7.08,RU,1699180844
297,flin flon,54.7682,-101.865,-5.62,84,100,4.14,CA,1699180846
298,petauke,-14.2426,31.3253,37.56,18,94,1.36,ZM,1699180849
299,chandbali,20.7833,86.7667,27.94,66,80,3.02,IN,1699180851
300,changling,44.2653,124.0005,2.4,41,100,6.05,CN,1699180852
301,nema,57.5067,50.5011,3.34,62,89,4.58,RU,1699180854
302,jasidih,24.5167,86.65,26.59,42,0,2.89,IN,1699180855
303,joshua,32.4615,-97.3881,16.42,94,0,3.09,US,1699180856
304,pisco,-13.7,-76.2167,18.03,88,0,4.12,PE,1699180858
305,la passe,45.5549,-0.8967,15.57,70,65,10.15,FR,1699180859
306,sinabang,2.4803,96.3801,26.26,87,98,2.16,ID,1699180860
307,sisimiut,66.9395,-53.6735,-7.35,66,34,6.61,GL,1699180861
308,wakkanai,45.4094,141.6739,11.16,76,100,5.81,JP,1699180862
309,monze,-16.2833,27.4833,36.14,16,74,1.65,ZM,1699180864
310,bubaque,11.2833,-15.8333,28.22,77,68,2.93,GW,1699180866
311,vila velha,-20.3297,-40.2925,22.97,87,75,4.92,BR,1699180867
312,waingapu,-9.6567,120.2641,28.04,62,30,3.38,ID,1699180868
313,qianzhou,28.3167,109.7167,17.96,87,57,4.99,CN,1699180870
314,mpongwe,-13.5091,28.155,33.73,25,87,2.52,ZM,1699180871
315,westport,41.1415,-73.3579,10.49,81,100,2.06,US,1699180873
316,benidorm,38.5382,-0.131,20.83,43,0,8.63,ES,1699180875
317,mildura,-34.2,142.15,20.04,39,2,3.56,AU,1699180876
318,mejit,10.2753,170.8646,28.13,77,89,9.03,MH,1699180877
319,aracruz,-19.8203,-40.2733,22.56,80,97,3.72,BR,1699180880
320,rajula,21.05,71.4333,33.04,27,8,4.09,IN,1699180882
321,maragogi,-9.0122,-35.2225,26.75,73,100,4.97,BR,1699180883
322,banda aceh,5.5577,95.3222,27.87,77,84,2.43,ID,1699180884
323,nyagan,62.1406,65.3936,-5.28,91,33,3.59,RU,1699180885
324,las khorey,11.1595,48.1967,27.94,68,49,3.51,SO,1699180887
325,ankazobe,-18.3167,47.1167,24.85,53,70,5.07,MG,1699180888
326,queenstown,-31.8976,26.8753,27.17,29,57,5.98,ZA,1699180889
327,luquillo,18.3725,-65.7166,26.7,96,40,2.06,PR,1699180892
328,helena,46.5927,-112.0361,10.14,88,75,3.6,US,1699180893
329,mount pearl,47.5166,-52.7813,7.86,94,75,3.6,CA,1699180894
330,urzhar,47.093,81.6294,6.54,51,11,1.04,KZ,1699180896
331,ansermanuevo,4.7972,-75.995,22.43,99,100,0.49,CO,1699180897
332,east london,-33.0153,27.9116,22.52,56,75,3.73,ZA,1699180898
333,yermentau,51.6214,73.1069,1.07,51,19,3.01,KZ,1699180900
334,conception bay south,47.4999,-52.9981,8.19,94,100,0.87,CA,1699180901
335,kosh-agach,50.0,88.6667,-5.39,46,96,0.45,RU,1699180902
336,holualoa,19.6228,-155.9522,23.91,77,100,3.6,US,1699180903
337,kangding,30.0513,101.9603,7.76,79,96,1.22,CN,1699180905
338,balqash,46.8481,74.995,11.33,50,0,7.0,KZ,1699180906
339,tosontsengel,48.7567,98.2839,-15.06,84,79,0.67,MN,1699180907
340,kalmunai,7.4167,81.8167,28.25,75,95,3.49,LK,1699180909
341,tolanaro,-25.0319,46.9987,24.04,83,75,9.77,MG,1699180912
342,dudinka,69.4058,86.1778,-12.43,97,100,1.94,RU,1699180915
343,skaelskor,55.2506,11.2935,10.56,85,99,5.56,DK,1699180916
344,luderitz,-26.6481,15.1594,21.41,55,0,6.88,NA,1699180920
345,paciran,-6.8767,112.3761,29.05,72,54,4.99,ID,1699180921
346,puerto baquerizo moreno,-0.9,-89.6,24.06,75,98,4.97,EC,1699180923
347,aleg,17.0481,-13.9209,35.42,9,4,4.18,MR,1699180924
348,kyshtovka,56.555,76.6271,-2.03,78,71,7.6,RU,1699180641
349,lesnoy,57.6198,63.0784,-1.98,80,40,1.48,RU,1699180928
350,sur,22.5667,59.5289,31.37,43,1,6.9,OM,1699180929
351,gulf shores,30.246,-87.7008,15.0,71,0,0.0,US,1699180930
352,codrington,-38.2667,141.9667,12.73,86,7,3.64,AU,1699180931
353,christchurch,-43.5333,172.6333,9.39,91,100,4.63,NZ,1699180933
354,sandakan,5.8402,118.1179,27.82,83,20,0.51,MY,1699180934
355,lockwood,45.8191,-108.4149,13.94,54,100,7.2,US,1699180937
356,g'uzor,38.6214,66.2522,25.02,14,100,1.79,UZ,1699180938
357,gaspe,48.8334,-64.4819,0.95,100,20,0.0,CA,1699180940
358,saudarkrokur,65.7461,-19.6394,0.27,89,96,10.05,IS,1699180941
359,kushiro,42.975,144.3747,7.53,81,0,1.03,JP,1699180942
360,kuusamo,65.9667,29.1833,-0.98,93,100,3.09,FI,1699180944
361,brits,-25.6347,27.7802,29.54,27,2,4.11,ZA,1699180947
362,bridgewater,44.3835,-64.5155,7.82,95,100,2.06,CA,1699180949
363,russkiy,43.0147,131.8642,2.92,92,100,4.17,RU,1699180951
364,urengoy,65.9667,78.3667,-6.59,92,100,6.83,RU,1699180776
365,linhares,-19.3911,-40.0722,22.99,86,100,4.69,BR,1699180955
366,usinsk,65.9939,57.5281,-10.52,92,100,4.92,RU,1699180957
367,san luis de la loma,17.2706,-100.8939,24.52,70,50,2.31,MX,1699180959
368,al jubayl,27.0112,49.6583,29.38,44,0,4.56,SA,1699180838
369,srisailain,16.0833,78.8667,27.33,68,90,4.21,IN,1699180962
370,mountain home,43.133,-115.6912,10.71,89,100,3.09,US,1699180963
371,serdar,38.9764,56.2757,22.15,40,100,1.23,TM,1699180965
372,gadzhiyevo,69.2551,33.3362,-2.24,90,97,8.21,RU,1699180966
373,arkhangel'sk,64.5401,40.5433,0.07,96,100,4.61,RU,1699180970
374,dexter,36.7959,-89.9579,11.85,70,22,2.79,US,1699180971
375,bonthe,7.5264,-12.505,29.53,69,62,2.26,SL,1699180972
376,krasnoturansk,54.3186,91.5639,-3.2,83,100,2.24,RU,1699180974
377,fuman,37.2273,49.3142,22.72,60,0,1.64,IR,1699180975
378,paracatu,-17.2222,-46.8747,23.88,67,67,2.42,BR,1699180976
379,riyadh,24.6877,46.7219,31.08,29,33,0.76,SA,1699180655
380,kenai,60.5544,-151.2583,1.16,95,100,5.66,US,1699180979
381,puerto deseado,-47.7503,-65.8938,10.44,42,12,4.11,AR,1699180809
382,notodden,59.5594,9.2585,4.73,91,100,2.35,NO,1699180863
383,acapulco de juarez,16.8634,-99.8901,24.75,78,72,2.65,MX,1699180983
384,darwin,-12.4611,130.8418,30.99,66,0,4.92,AU,1699180984
385,jackson,42.4165,-122.8345,12.11,95,100,0.45,US,1699180867
386,opuwo,-18.0607,13.84,32.8,10,64,2.74,NA,1699180987
387,port alfred,-33.5906,26.891,21.77,70,62,3.13,ZA,1699180988
388,the pinery,39.4553,-104.7344,11.95,31,75,5.14,US,1699180990
389,constitucion,-35.3333,-72.4167,11.15,84,99,1.65,CL,1699180992
390,nabire,-3.3667,135.4833,26.36,85,97,0.5,ID,1699180993
391,bayanhongor,46.7167,100.1167,-12.68,71,54,1.67,MN,1699180995
392,bati,11.1833,40.0167,24.8,37,74,4.38,ET,1699180996
393,brisas de zicatela,15.8369,-97.0419,26.43,65,98,1.36,MX,1699180997
394,pionerskiy,54.9508,20.2275,8.75,78,100,6.63,RU,1699180999
395,at taj,24.2049,23.2857,30.58,17,0,3.49,LY,1699181000
396,taoudenni,22.6783,-3.9836,34.61,8,0,1.33,ML,1699181001
397,valparaiso,-33.0393,-71.6273,10.8,93,20,3.09,CL,1699180986
398,bomdila,27.25,92.4,9.1,95,70,0.73,IN,1699181005
399,yarmouth,41.7057,-70.2286,11.0,94,75,1.54,US,1699181006
400,pauini,-7.7136,-66.9764,23.08,96,100,0.56,BR,1699181007
401,tshikapa,-6.4167,20.8,25.43,88,95,2.6,CD,1699181009
402,kirillov,59.863,38.3813,6.66,79,100,7.41,RU,1699181010
403,taulaga,-11.0553,-171.0883,27.83,82,96,7.67,AS,1699181011
404,kabala,9.5833,-11.55,28.75,67,29,1.27,SL,1699181013
405,bazar-korgon,41.0376,72.7459,21.07,15,99,1.91,KG,1699181014
406,rio de janeiro,-22.9028,-43.2075,23.0,73,40,3.6,BR,1699180792
407,aswan,24.0934,32.907,35.61,29,0,2.06,EG,1699181016
408,marka,1.7159,44.7717,29.47,63,100,4.2,SO,1699181017
409,fortuna,40.5982,-124.1573,15.52,96,100,0.0,US,1699181019
410,ola,59.5833,151.2833,-3.81,78,100,4.3,RU,1699181020
411,coalinga,36.1397,-120.3602,10.14,55,77,1.11,US,1699181021
412,massawa,15.6097,39.45,32.44,50,29,4.18,ER,1699181023
413,nogliki,51.8333,143.1667,-5.92,72,6,9.83,RU,1699181026
414,mount isa,-20.7333,139.5,27.87,9,19,3.09,AU,1699181027
415,kismayo,-0.3582,42.5454,29.41,69,100,4.91,SO,1699181028
416,altai,46.3722,96.2583,-5.94,45,99,2.2,MN,1699181031
417,magadan,59.5667,150.8,-4.15,89,100,4.66,RU,1699180938
418,medicine hat,50.0501,-110.6683,7.34,79,75,5.14,CA,1699181035
419,al ghayzah,16.2079,52.176,30.41,50,13,4.17,YE,1699181036
420,morondava,-20.2833,44.2833,28.16,67,19,6.5,MG,1699180872
421,malango,-2.9627,119.9001,20.93,97,42,0.55,ID,1699181041
422,dniprorudne,47.3817,34.9765,16.69,66,98,8.09,UA,1699181043
423,cururupu,-1.8283,-44.8683,29.18,67,14,3.24,BR,1699181044
424,bestwig,51.3667,8.4,10.52,88,96,5.1,DE,1699181046
425,vilyuchinsk,52.9306,158.4028,1.63,75,49,1.87,RU,1699181047
426,estes park,40.3772,-105.5217,9.78,57,99,4.48,US,1699181048
427,safi,32.1667,-8.8333,21.26,58,47,4.41,MA,1699181050
428,omutinskiy,56.4745,67.6709,-1.58,88,21,2.38,RU,1699181051
429,chonchi,-42.6128,-73.8092,7.84,98,100,1.2,CL,1699181053
430,belomorsk,64.5232,34.7668,1.69,99,100,2.94,RU,1699181055
431,moundou,8.5667,16.0833,31.13,55,0,2.06,TD,1699181056
432,grand gaube,-20.0064,57.6608,27.22,80,32,0.45,MU,1699181058
433,raton,36.9034,-104.4391,6.19,75,0,3.6,US,1699181060
434,gmunden,47.9189,13.7975,12.97,74,88,2.69,AT,1699181061
435,cadale,2.7603,46.3222,29.44,67,21,4.81,SO,1699181066
436,toliara,-23.35,43.6667,28.14,62,95,6.0,MG,1699181067
437,hadibu,12.65,54.0333,28.23,71,47,2.92,YE,1699181070
438,new norfolk,-42.7826,147.0587,11.72,91,34,0.74,AU,1699181071
439,paracuru,-3.41,-39.0306,28.39,69,34,6.09,BR,1699181073
440,crane,31.3974,-102.3501,15.3,70,99,3.28,US,1699181074
441,suva,-18.1416,178.4415,25.71,94,40,1.54,FJ,1699180809
442,ban houayxay,20.2453,100.4547,25.76,80,84,0.55,LA,1699181077
443,motueka,-41.1333,173.0167,12.83,94,100,1.04,NZ,1699181078
444,ketchikan,55.3422,-131.6461,11.26,87,100,11.32,US,1699181081
445,acarau,-2.8856,-40.12,28.87,70,18,6.95,BR,1699180800
446,alice,27.7523,-98.0697,17.09,100,20,1.54,US,1699181086
447,savanna-la-mar,18.219,-78.1332,25.97,89,34,1.46,JM,1699181087
448,guerrero negro,27.9769,-114.0611,18.36,83,0,0.88,MX,1699181089
449,tomatlan,19.9333,-105.25,22.71,79,86,1.11,MX,1699181091
450,lorengau,-2.0226,147.2712,27.32,82,100,2.11,PG,1699181092
451,northam,51.0333,-4.2167,12.03,81,28,9.87,GB,1699181093
452,ixtapa,20.7,-105.2,22.56,71,82,1.49,MX,1699181095
453,jalqani,12.4486,34.2186,29.14,57,100,5.06,SD,1699181097
454,st. john's,47.5649,-52.7093,8.32,94,75,3.6,CA,1699181098
455,elliot lake,46.3834,-82.6331,-1.39,82,92,1.48,CA,1699181100
456,ichinohe,40.2069,141.3017,10.79,88,100,0.89,JP,1699181101
457,salanso,12.1833,-4.0833,35.34,28,0,2.39,BF,1699181103
458,chinchilla,-26.75,150.6333,19.68,76,70,7.98,AU,1699181104
459,san andres,12.5847,-81.7006,28.01,83,20,1.54,CO,1699181105
460,isla aguada,18.7833,-91.4667,25.02,84,100,6.94,MX,1699181107
461,fort bragg,35.139,-79.006,9.34,62,0,1.54,US,1699180815
462,colonel hill,22.7667,-74.2167,28.33,71,84,7.79,BS,1699181110
463,ajaccio,42.0,8.9167,19.03,60,0,7.2,FR,1699181076
464,rio grande,-32.035,-52.0986,16.06,70,0,2.94,BR,1699181112
465,lagos,6.5833,3.75,29.18,54,84,1.3,NG,1699180893
466,tanumah,27.1,44.1333,28.63,28,6,0.18,SA,1699181115
467,baymak,52.5933,58.3225,3.75,63,9,3.12,RU,1699181117
468,porbandar,21.6422,69.6093,32.3,40,2,3.17,IN,1699181118
469,tsukumiura,33.0706,131.8572,21.71,87,49,3.35,JP,1699181120
470,qamdo,31.1667,97.2333,-2.41,28,85,0.95,CN,1699181121
471,sandnessjoen,66.0217,12.6316,3.29,69,95,8.83,NO,1699180983
472,bikenibeu village,1.3673,173.1241,27.98,83,75,1.54,KI,1699181124
473,broken hill,-31.95,141.4333,21.06,19,2,3.49,AU,1699181126
474,freetown,8.484,-13.2299,28.86,71,75,1.12,SL,1699181103
475,sretensk,52.2453,117.7093,-10.24,38,0,0.62,RU,1699181131
476,kaifeng,34.7911,114.3483,12.15,82,84,0.49,CN,1699181132
477,mineral wells,32.8085,-98.1128,15.75,94,0,2.57,US,1699181135
478,kristiansund,63.1115,7.732,8.36,71,75,2.06,NO,1699181003
479,woolgoolga,-30.1106,153.2007,16.69,83,100,1.81,AU,1699181137
480,maebaru-chuo,33.55,130.2,24.31,61,37,1.97,JP,1699181139
481,mata-utu,-13.2816,-176.1745,27.75,82,83,8.73,WF,1699181141
482,maxixe,-23.8597,35.3472,28.03,45,49,4.59,MZ,1699181142
483,dynow,49.8151,22.2339,10.77,75,100,7.76,PL,1699181144
484,sawakin,19.1059,37.3321,31.04,65,58,4.82,SD,1699181145
485,aasiaat,68.7098,-52.8699,-13.7,90,19,4.29,GL,1699181146
486,dakhla,23.6848,-15.958,21.01,74,0,5.4,EH,1699181148
487,honavar,14.2833,74.45,26.83,86,100,2.88,IN,1699181149
488,belmonte,-15.8631,-38.8828,28.01,75,96,5.34,BR,1699181150
489,siguiri,11.6667,-9.5,34.33,30,13,0.25,GN,1699181153
490,vize,41.5725,27.7658,21.02,59,73,8.64,TR,1699181155
491,baoqing,46.3317,132.2111,-1.85,36,100,2.01,CN,1699181157
492,am timan,11.0297,20.2827,35.57,24,77,2.08,TD,1699181161
493,benjamin constant,-4.3831,-70.0311,24.07,99,99,0.87,BR,1699181163
494,forster,-32.1667,152.5167,18.49,79,100,4.66,AU,1699181164
495,campbellton,48.0075,-66.6727,-1.75,90,71,1.36,CA,1699181165
496,aljezur,37.3191,-8.8033,17.68,59,99,4.98,PT,1699181166
497,tofol,5.3248,163.0078,29.07,74,97,4.69,FM,1699181168
498,spring creek,40.7266,-115.5859,10.72,44,86,3.7,US,1699181169
499,brezina,33.0989,1.2608,24.37,20,0,1.01,DZ,1699181170
500,lazaro cardenas,17.9583,-102.2,25.16,89,81,2.85,MX,1699181172
501,ermoupolis,37.4423,24.9425,24.39,46,40,8.75,GR,1699181173
502,burutu,5.3509,5.5076,31.6,59,80,1.72,NG,1699181153
503,tanjung pinang,0.9167,104.45,28.02,68,69,2.28,ID,1699181176
504,sotouboua,8.5667,0.9833,33.05,42,27,2.03,TG,1699181178
505,sao jose da coroa grande,-8.8978,-35.1478,26.71,74,100,4.94,BR,1699181179
506,manpur,22.4333,75.6167,29.94,26,2,2.84,IN,1699181181
507,hilo,19.7297,-155.09,23.86,77,100,2.06,US,1699181182
508,galesong,-5.3166,119.3661,30.01,64,6,4.3,ID,1699181183
509,kuala selangor,3.35,101.25,25.42,91,100,2.81,MY,1699181184
510,puerto ayacucho,5.6639,-67.6236,24.46,89,47,1.16,VE,1699181186
511,kerikeri,-35.2268,173.9474,11.62,87,71,2.25,NZ,1699181188
512,chalus,36.655,51.4204,21.7,64,40,3.09,IR,1699181014
513,immokalee,26.4187,-81.4173,18.86,92,18,3.61,US,1699181190
514,lupane,-18.9315,27.807,38.12,14,56,1.05,ZW,1699181191
515,cozumel,20.5083,-86.9458,24.97,92,95,5.26,MX,1699181170
516,manokwari,-0.8667,134.0833,26.94,81,29,2.4,ID,1699181196
517,saint-joseph,-21.3667,55.6167,26.17,83,78,4.97,RE,1699181198
518,humaita,-7.5061,-63.0208,23.51,92,77,0.67,BR,1699181199
519,the pas,53.8251,-101.2541,-4.99,86,100,4.12,CA,1699181200
520,kertih,4.5141,103.4483,30.05,74,20,1.54,MY,1699181202
521,mao,39.8885,4.2658,20.31,52,20,8.23,ES,1699181205
522,vega de alatorre,20.0333,-96.6333,21.57,83,72,3.24,MX,1699181208
523,saldanha,-33.0117,17.9442,26.03,68,43,4.0,ZA,1699181209
524,mutuali,-14.8706,37.0044,35.95,25,66,1.73,MZ,1699181211
525,kotel'nikovo,47.6317,43.1461,16.56,51,100,7.74,RU,1699181157
526,amungan,15.3652,119.9582,28.05,82,75,1.98,PH,1699181213
527,nuevo casas grandes,30.4167,-107.9167,14.73,34,28,1.08,MX,1699181214
528,kayangel,8.0823,134.7173,28.81,72,100,1.88,PW,1699181216
529,moissac,44.1024,1.0945,11.93,73,62,9.85,FR,1699181218
530,tilaran,10.4703,-84.9671,22.26,98,100,1.14,CR,1699181220
531,kuraymah,18.55,31.85,36.41,20,42,0.21,SD,1699181221
532,ambalangoda,6.2355,80.0538,27.2,81,97,2.02,LK,1699181223
533,strezhevoy,60.7333,77.5889,-5.02,83,100,7.15,RU,1699181224
534,pergine valsugana,46.065,11.238,14.57,87,40,8.75,IT,1699181226
535,la ronge,55.1001,-105.2842,-3.86,93,100,6.17,CA,1699181228
536,sesheke,-17.4759,24.2968,37.34,17,10,3.46,ZM,1699181230
537,flying fish cove,-10.4217,105.6791,26.82,78,75,4.12,CX,1699181231
538,hami,42.8,93.45,5.81,13,25,3.66,CN,1699181232
539,sangin,32.0728,64.8359,26.21,21,100,0.15,AF,1699181234
540,ishim,56.1128,69.4902,-2.2,79,38,5.81,RU,1699181235
541,kamyzyak,46.11,48.0736,18.99,45,0,6.0,RU,1699181196
542,kulhudhuffushi,6.6221,73.07,26.99,77,100,2.59,MV,1699181237
543,bulungu,-4.55,18.6,22.21,97,100,0.91,CD,1699181239
